"Navigate","Next","⌘.","In Windows","org.eclipse.ui.navigate.next"
"Navigate","Go To Previous Unread Task","⌥↑","In Tasks View","org.eclipse.mylyn.tasks.ui.command.goToPreviousUnread"
"Text Editing","To Upper Case","⇧⌘X","Editing Text","org.eclipse.ui.edit.text.upperCase"
"LiClipse Actions","Go to Matching Bracket","⇧⌘P","LiClipse editor","org.brainwy.liclipsetext.editor.handlers.GoToMatchingBracket"
"Navigate","Quick Outline","⇧⌘O","Task Markup Editor Source Context","org.eclipse.mylyn.wikitext.ui.quickOutlineCommand"
"Text Editing","Zoom Out","⌘-","Editing Text","org.eclipse.ui.edit.text.zoomOut"
"Edit","Delete","⌫","Vaadin Designer Context","org.eclipse.ui.edit.delete"
"Source","Add Block Comment","⌃⌘/","Editing Java Source","org.eclipse.jdt.ui.edit.text.java.add.block.comment"
"Source","Format","⇧⌘F","Editing Ant Buildfiles","org.eclipse.jdt.ui.edit.text.java.format"
"Views","Show View (Breakpoints)","⌥⌘Q B","In Windows","org.eclipse.ui.views.showView"
"Run/Debug","Add Memory Block","⌥⌘M","In Memory View","org.eclipse.debug.ui.commands.addMemoryMonitor"
"Window","Previous Editor","⇧⌘Tab","In Windows","org.eclipse.ui.window.previousEditor"
"Edit","Add Maven Plugin","⌃⇧P","Editing XML Source","org.eclipse.m2e.core.ui.command.addPlugin"
"Task Repositories","Mark Task Complete","⌥⇧C","In Tasks View","org.eclipse.mylyn.tasks.ui.command.markTaskComplete"
"Source","Format","⇧⌘F","Editing Java Source","org.eclipse.jdt.ui.edit.text.java.format"
"Source","Toggle Comment","⌘7","Editing Properties Files","org.eclipse.jdt.ui.edit.text.java.toggle.comment"
"Text Editing","Open Hyperlink","F3","in Generic Code Editor","org.eclipse.ui.edit.text.open.hyperlink"
"Text Editing","To Lower Case","⇧⌘Y","Editing Text","org.eclipse.ui.edit.text.lowerCase"
"Text Editing","Text Start","↖","Editing Text","org.eclipse.ui.edit.text.goto.textStart"
"Spring Generic Text Editor","Toggle Comment","⇧⌘C","Editing Text","org.springframework.tooling.boot.ls.ToggleComment"
"Edit","Find Next","⌘K","Editing Text","org.eclipse.ui.edit.findNext"
"Edit","Matching Tag","⌃⇧.","Editing in Structured Text Editors","org.eclipse.wst.xml.ui.gotoMatchingTag"
"Run/Debug","Debug Ant Build","⌃⌥⌘D Q","In Windows","org.eclipse.ant.ui.antShortcut.debug"
"Source","Quick Assist - Assign to field","⌘2 F","Editing Java Source","org.eclipse.jdt.ui.correction.assignToField.assist"
"Search","References in Workspace","⇧⌘G","In Windows","org.eclipse.jdt.ui.edit.text.java.search.references.in.workspace"
"Edit","Matching Tag","⇧⌘>","Editing in Structured Text Editors","org.eclipse.wst.xml.ui.gotoMatchingTag"
"Text Editing","Delete Next Word","⌥⌦","Editing Text","org.eclipse.ui.edit.text.deleteNextWord"
"File","Save All","⇧⌘S","In Windows","org.eclipse.ui.file.saveAll"
"Text Editing","Line End","⌃E","Editing Text","org.eclipse.ui.edit.text.goto.lineEnd"
"Source","Rename In File","⌥⌘R","Editing Ant Buildfiles","org.eclipse.ant.ui.renameInFile"
"Window","Next Editor","⌘Tab","In Windows","org.eclipse.ui.window.nextEditor"
"Run/Debug","Previous Page of Memory","⇧⌘,","In Table Memory Rendering","org.eclipse.debug.ui.command.prevpage"
"LiClipse Actions","Quick Outline","⌘O","LiClipse editor","org.brainwy.liclipsetext.editor.handlers.QuickOutline"
"Navigate","Matching Character","⇧⌘P","Editing in Structured Text Editors","org.eclipse.wst.sse.ui.goto.matching.bracket"
"Edit","Select Previous Element","⌃⇧←","Editing JavaScript Source","org.eclipse.wst.jsdt.ui.edit.text.java.select.previous"
"Window","Previous View","⇧⌘F7","In Windows","org.eclipse.ui.window.previousView"
"Uncategorized","Find References","⇧⌘G","in Generic Code Editor","org.eclipse.ui.genericeditor.findReferences"
"Navigate","Show In...","⌥⌘W","In Windows","org.eclipse.ui.navigate.showInQuickMenu"
"Text Editing","Insert Line Below Current Line","⇧↩","Editing Text","org.eclipse.ui.edit.text.smartEnter"
"Server","Stop","⌥⌘S","In Servers View","org.eclipse.wst.server.stop"
"Navigate","Quick Outline","⌘O","WikiText Markup Source Context","org.eclipse.mylyn.wikitext.ui.quickOutlineCommand"
"Run/Debug","Run Ant Build","⌥⌘X Q","In Windows","org.eclipse.ant.ui.antShortcut.run"
"Navigate","Backward History","⌥⌘←","In Windows","org.eclipse.ui.navigate.backwardHistory"
"File","Rename","F2","In Windows","org.eclipse.ui.edit.rename"
"Uncategorized","Show Markup Cheat Sheet","F1","WikiText Markup Source Context","org.eclipse.mylyn.wikitext.ui.editor.showCheatSheetCommand"
"Edit","Format Active Elements","⌘I","Editing in Structured Text Editors","org.eclipse.wst.sse.ui.format.active.elements"
"Edit","Add Block Comment","⇧⌘/","Editing in Structured Text Editors","org.eclipse.wst.sse.ui.add.block.comment"
"Navigate","Open Type","⇧⌘T","Editing JavaScript Source","org.eclipse.wst.jsdt.ui.navigate.open.type"
"LiClipse Actions","Toggle Comment","⌘/","LiClipse editor","org.brainwy.liclipsetext.editor.handlers.ToggleComment"
"Navigate","Next Page","⌥F7","In Windows","org.eclipse.ui.part.nextPage"
"Inline Search","Show Inline Search","⌘F","Editing Text","com.genuitec.eclipse.inlinesearch.commands.showFindReplaceBarCommand"
"File","Move...","⌥⌘V","Project Explorer +","org.eclipse.ui.edit.move"
"Focused UI","Focus on Active Task","⌥⇧H","In Windows","org.eclipse.mylyn.context.ui.commands.toggle.focus.active.view"
"Refactor - Java","Move - Refactoring ","⌥⌘V","In Windows","org.eclipse.jdt.ui.edit.text.java.move.element"
"Views","Show View (Search)","⌥⌘Q S","In Windows","org.eclipse.ui.views.showView"
"Edit","Copy","⌘C","In Dialogs and Windows","org.eclipse.ui.edit.copy"
"Edit","Find and Replace","⌘F","In Windows","org.eclipse.ui.edit.findReplace"
"Navigate","Last Edit Location","⌃Q","In Windows","org.eclipse.ui.edit.text.gotoLastEditPosition"
"Text Editing","Show Tooltip Description","F2","Editing Text","org.eclipse.ui.edit.text.showInformation"
"Run/Debug","Coverage TestNG Suite","⌥⇧E G","In Windows","org.eclipse.eclemma.ui.testNgSuiteShortcut.coverage"
"File","Properties","⌥↩","In Windows","org.eclipse.ui.file.properties"
"Edit","Find Previous","⇧⌘K","Editing Text","org.eclipse.ui.edit.findPrevious"
"Task Repositories","Mark Task Unread","⌥⇧U","In Tasks Editor","org.eclipse.mylyn.tasks.ui.command.markTaskUnread"
"Views","Show View (Variables)","⌥⌘Q V","In Windows","org.eclipse.ui.views.showView"
"Navigate","Go to Next Member","⌃⌥↓","Editing Java Source","org.eclipse.jdt.ui.edit.text.java.goto.next.member"
"Text Editing","Copy Lines","⌥⌘↓","Editing Text","org.eclipse.ui.edit.text.copyLineDown"
"Navigate","Open Type","⇧⌘T","In Windows","org.eclipse.jdt.ui.navigate.open.type"
"Inline Search","Close Inline Search","Esc","Editing Text","com.genuitec.eclipse.inlinesearch.commands.hideFindReplaceBarCommand"
"File","Close All","⇧⌘W","In Windows","org.eclipse.ui.file.closeAll"
"Tomcat keys","Tomcat start,stop","⌥⌘T","In Windows","pl.szpinda.plugin.tomcat.commands.tomcatStartStop"
"Spring Generic Text Editor","Toggle Comment","⌘/","Editing Text","org.springframework.tooling.boot.ls.ToggleComment"
"File","New menu","⌥⌘N","In Windows","org.eclipse.ui.file.newQuickMenu"
"Navigate","Go to Matching Bracket","⇧⌘P","Editing Java Source","org.eclipse.jdt.ui.edit.text.java.goto.matching.bracket"
"Run/Debug","Debug Java Applet","⌃⌥⌘D A","In Windows","org.eclipse.jdt.debug.ui.javaAppletShortcut.debug"
"Focused UI","Make Less Interesting","⌥⇧⌘↓","In Windows","org.eclipse.mylyn.context.ui.commands.interest.decrement"
"Run/Debug","Coverage Scala Application","⌥⇧E L","In Windows","org.eclipse.eclemma.ui.scalaShortcut.coverage"
"Edit","Select Enclosing Element","⌃⇧⇞","Editing Java Source","org.eclipse.jdt.ui.edit.text.java.select.enclosing"
"Edit","Delete","⌫","Vaadin Designer Context","org.eclipse.ui.edit.delete"
"File","Save","⌘S","In Windows","org.eclipse.ui.file.save"
"Views","Show View","⌥⌘Q Q","In Windows","org.eclipse.ui.views.showView"
"Quick Search Category","Quick Search Command","⇧⌘L","In Windows","org.springsource.ide.eclipse.quicksearch.commands.quicksearchCommand"
"Views","Documentation","⌥⌘Q J","JavaScript View","org.eclipse.wst.jsdt.ui.JavadocView"
"Source","Quick Assist - Extract method","⌘2 M","Editing Java Source","org.eclipse.jdt.ui.correction.extractMethodInplace.assist"
"Source","Indent Line","⌘I","Editing JavaScript Source","org.eclipse.wst.jsdt.ui.edit.text.java.indent"
"Run/Debug","Coverage Java Application","⌥⇧E J","In Windows","org.eclipse.eclemma.ui.localJavaShortcut.coverage"
"Edit","Select Previous Element","⌃⇧↖","Editing Java Source","org.eclipse.jdt.ui.edit.text.java.select.previous"
"Run/Debug","Run JUnit Test","⌥⌘X T","In Windows","org.eclipse.jdt.junit.junitShortcut.run"
"Task Repositories","Mark Task Incomplete","⌥⇧I","In Tasks View","org.eclipse.mylyn.tasks.ui.command.markTaskIncomplete"
"Window","Stop","⌥⇧⌘B S","In Windows","org.springframework.ide.eclipse.boot.dash.boot.dash.StopAction"
"Inline Search","Open Replace Bar","⌘↓","Inline Search is Active","com.genuitec.eclipse.inlinesearch.replace.toggle.open"
"Run/Debug","Run Maven Build","⌥⇧X M","In Windows","org.eclipse.m2e.core.pomFileAction.run"
"Views","Show View (Synchronize)","⌥⌘Q Y","In Windows","org.eclipse.ui.views.showView"
"Views","Show View (Javadoc)","⌥⌘Q J","In Windows","org.eclipse.ui.views.showView"
"Inline Search","Replace and Find Next","⌥⇧1","Inline Search is Active","com.genuitec.eclipse.inlinesearch.replaceone"
"Edit","Select All","⌘A","In Dialogs and Windows","org.eclipse.ui.edit.selectAll"
"Window","Previous Perspective","⇧⌘F8","In Windows","org.eclipse.ui.window.previousPerspective"
"Source","Toggle Comment","⌘/","Editing Properties Files","org.eclipse.jdt.ui.edit.text.java.toggle.comment"
"Run/Debug","Run on Server","⌥⇧X R","In Windows","org.eclipse.wst.server.launchShortcut.run"
"Run/Debug","Debug JUnit Test","⌃⌥⌘D T","In Windows","org.eclipse.jdt.junit.junitShortcut.debug"
"Search","Declaration in Workspace","⌘G","JavaScript View","org.eclipse.wst.jsdt.ui.edit.text.java.search.declarations.in.workspace"
"Window","Quick Switch Editor","⌘E","In Windows","org.eclipse.ui.window.openEditorDropDown"
"Views","Show View (Problems)","⌥⌘Q X","In Windows","org.eclipse.ui.views.showView"
"Source","Surround With Quick Menu","⌥⌘Z","JavaScript View","org.eclipse.wst.jsdt.ui.edit.text.java.surround.with.quickMenu"
"Run/Debug","Step Into Selection","⌥F5","Debugging","org.eclipse.jdt.debug.ui.commands.StepIntoSelection"
"Source","Remove Block Comment","⌃⌘\","Editing Java Source","org.eclipse.jdt.ui.edit.text.java.remove.block.comment"
"LiClipse Actions","Previous Element","⇧⌘↑","LiClipse editor","org.brainwy.liclipsetext.editor.handlers.PrevElement"
"Run/Debug","Coverage JUnit Test","⌥⇧E T","In Windows","org.eclipse.eclemma.ui.junitShortcut.coverage"
"Navigate","Next Tab","⌃⇟","In Dialogs and Windows","org.eclipse.ui.navigate.nextTab"
"Edit","Quick Fix","⌘1","In Dialogs and Windows","org.eclipse.jdt.ui.edit.text.java.correction.assist.proposals"
"LiClipse Actions","Deselect Enclosing Scope","⌥⇧↓","LiClipse editor","org.brainwy.liclipsetext.editor.handlers.DeselectEnclosingScope"
"File","Move...","⌥⇧V","Project Explorer +","org.eclipse.ui.edit.move"
"Search","References in Workspace","⇧⌘G","JavaScript View","org.eclipse.wst.jsdt.ui.edit.text.java.search.references.in.workspace"
"Window","(Re)start","⌥⇧⌘B R","In Windows","org.springframework.ide.eclipse.boot.dash.boot.dash.RestartAction"
"Navigate","Forward History","⌥⌘→","In Windows","org.eclipse.ui.navigate.forwardHistory"
"Text Editing","Select Line Start","⇧⌘←","Editing Text","org.eclipse.ui.edit.text.select.lineStart"
"Navigate","Show In Breadcrumb","⌥⌘B","Editor Breadcrumb Navigation","org.eclipse.jdt.ui.edit.text.java.gotoBreadcrumb"
"Navigate","Open Structure","⌘F3","Editing Java Source","org.eclipse.jdt.ui.navigate.java.open.structure"
"Text Editing","Zoom In","⌘=","Editing Text","org.eclipse.ui.edit.text.zoomIn"
"Source","Show Source Quick Menu","⌥⌘S","JavaScript View","org.eclipse.wst.jsdt.ui.edit.text.java.source.quickMenu"
"YEdit","Format","⇧⌘F","YEdit editor context","org.dadacoalition.yedit.command.formatDocument"
"Source","Remove Occurrence Annotations","⌥⌘U","Editing JavaScript Source","org.eclipse.wst.jsdt.ui.edit.text.remove.occurrence.annotations"
"Edit","Format","⇧⌘F","Editing in Structured Text Editors","org.eclipse.wst.sse.ui.format.document"
"File","Rename","⌥⌘R","Project Explorer +","org.eclipse.ui.edit.rename"
"Run/Debug","Run Spring Boot App","⌥⇧X B","In Windows","org.springsource.ide.eclipse.boot.BootLaunchShortcut.run"
"Source","Organize Imports","⇧⌘O","In Windows","org.eclipse.jdt.ui.edit.text.java.organize.imports"
"Navigate","Open Declaration","F3","JavaScript View","org.eclipse.wst.jsdt.ui.edit.text.java.open.editor"
"Edit","Undo","⌘Z","In Dialogs and Windows","org.eclipse.ui.edit.undo"
"Source","Toggle Comment","⌘/","Editing Java Source","org.eclipse.jdt.ui.edit.text.java.toggle.comment"
"Task Repositories","Show Tooltip Description","F4","In Tasks View","org.eclipse.mylyn.tasks.ui.command.showToolTip"
"Navigate","Go to Matching Bracket","⇧⌘P","Editing JavaScript Source","org.eclipse.wst.jsdt.ui.edit.text.java.goto.matching.bracket"
"Source","Remove Block Comment","⇧⌘\","Editing JavaScript Source","org.eclipse.wst.jsdt.ui.edit.text.java.remove.block.comment"
"Views","Show View","⌥⌘Q D","In Windows","org.eclipse.ui.views.showView"
"Uncategorized","Copy Commit Id","⌘C","In Git Reflog View","org.eclipse.egit.ui.internal.reflog.CopyCommand"
"Navigate","Previous Page","⌥⇧F7","In Windows","org.eclipse.ui.part.previousPage"
"Navigate","Go to Previous Member","⌃⌥↑","Editing JavaScript Source","org.eclipse.wst.jsdt.ui.edit.text.java.goto.previous.member"
"Edit","Incremental Find Reverse","⇧⌘J","Editing Text","org.eclipse.ui.edit.findIncrementalReverse"
"Text Editing","Insert Line Above Current Line","⇧⌘↩","Editing Text","org.eclipse.ui.edit.text.smartEnterInverse"
"Task Repositories","New Subtask","⇧Insert","In Tasks View","org.eclipse.mylyn.tasks.ui.command.new.subtask"
"Text Editing","Next Word","⌥→","Editing Text","org.eclipse.ui.edit.text.goto.wordNext"
"Window","Switch to Editor","⇧⌘E","In Windows","org.eclipse.ui.window.switchToEditor"
"Window","Show Contributing Plug-in","⌥⇧F3","In Dialogs and Windows","org.eclipse.ui.window.spy"
"Window","Show Context Menu","⇧F10","In Dialogs and Windows","org.eclipse.ui.window.showContextMenu"
"Text Editing","Delete Previous Word","⌥⌫","Editing Text","org.eclipse.ui.edit.text.deletePreviousWord"
"LiClipse Actions","Toggle Mark Occurrences","⌥⇧O","LiClipse editor","org.brainwy.liclipsetext.editor.handlers.ToggleMarkOccurrences"
"Run/Debug","Close Rendering","⌘W","In Memory View","org.eclipse.debug.ui.commands.closeRendering"
"Text Editing","Expand","⌘Numpad_Add","Editing Text","org.eclipse.ui.edit.text.folding.expand"
"Task Repositories","Mark Task Complete","⌥⇧C","In Tasks Editor","org.eclipse.mylyn.tasks.ui.command.markTaskComplete"
"View","Zoom Out","⌘-","In Windows","org.eclipse.gef.zoom_out"
"Views","Show View (Error Log)","⌥⌘Q L","In Windows","org.eclipse.ui.views.showView"
"Window","Previous Editor","⇧⌘F6","In Windows","org.eclipse.ui.window.previousEditor"
"Source","Annotate Class File","⌘1","Browsing attached Java Source","org.eclipse.jdt.ui.edit.text.java.annotate.classFile"
"Task Repositories","New Subtask","⌥⇧N","In Tasks View","org.eclipse.mylyn.tasks.ui.command.new.subtask"
"Navigate","Previous","⇧⌘.","In Windows","org.eclipse.ui.navigate.previous"
"Run/Debug","Next Memory Monitor","⌥⌘N","In Memory View","org.eclipse.debug.ui.commands.nextMemoryBlock"
"Window","Toggle Split Editor (Vertical)","⇧⌘[","In Windows","org.eclipse.ui.window.splitEditor"
"STS4","Goto Symbol","⌘6","In Dialogs and Windows","org.springframework.tooling.ls.eclipse.gotosymbol.command"
"Task Repositories","New Local Task","⌥N","In Tasks View","org.eclipse.mylyn.tasks.ui.command.new.local.task"
"Source","Toggle Comment","⇧⌘C","Editing JavaScript Source","org.eclipse.wst.jsdt.ui.edit.text.java.toggle.comment"
"Edit","Next Sibling","⇧⌘↓","Editing in Structured Text Editors","org.eclipse.wst.xml.ui.nextSibling"
"Navigate","Quick Hierarchy","⌘T","Editing Java Source","org.eclipse.jdt.ui.edit.text.java.open.hierarchy"
"Run/Debug","Coverage Eclipse Application","⌥⇧E E","In Windows","org.eclipse.eclemma.ui.workbenchShortcut.coverage"
"Text Editing","Text End","⌘↘","Editing Text","org.eclipse.ui.edit.text.goto.textEnd"
"Run/Debug","Use Step Filters","⇧F5","In Windows","org.eclipse.debug.ui.commands.ToggleStepFilters"
"Text Editing","Reset Structure","⇧⌘Numpad_Multiply","Editing Text","org.eclipse.ui.edit.text.folding.restore"
"Views","Show View (Task List)","⌥⌘Q K","In Windows","org.eclipse.ui.views.showView"
"LiClipse Actions","Rename","⌘2 R","LiClipse editor","org.brainwy.liclipsetext.editor.handlers.Rename"
"Run/Debug","Coverage TestNG Test","⌥⇧E N","In Windows","org.eclipse.eclemma.ui.testNgShortcut.coverage"
"Run/Debug","Coverage","⌃⇧F11","In Windows","org.eclipse.eclemma.ui.commands.CoverageLast"
"Navigate","Expand All","⇧⌘Numpad_Multiply","In Windows","org.eclipse.ui.navigate.expandAll"
"Edit","Add Block Comment","⌘/","Editing in Structured Text Editors","org.eclipse.wst.sse.ui.add.block.comment"
"Run/Debug","Debug","⌘F11","In Windows","org.eclipse.debug.ui.commands.DebugLast"
"Edit","Toggle Insert Mode","⇧⌘Insert","Editing Text","org.eclipse.ui.edit.text.toggleInsertMode"
"Window","(Re)debug","⌥⇧⌘B D","In Windows","org.springframework.ide.eclipse.boot.dash.boot.dash.RedebugAction"
"Navigate","Quick Outline","⌘O","Editing in Structured Text Editors","org.eclipse.wst.sse.ui.quick_outline"
"Refactor - JavaScript","Extract Function","⌥⌘M","JavaScript View","org.eclipse.wst.jsdt.ui.edit.text.java.extract.method"
"Run/Debug","Run Java Applet","⌥⌘X A","In Windows","org.eclipse.jdt.debug.ui.javaAppletShortcut.run"
"Text Editing","Move Lines Down","⌥↓","Editing Text","org.eclipse.ui.edit.text.moveLineDown"
"Edit","Select Next Element","⌃⇧→","Editing JavaScript Source","org.eclipse.wst.jsdt.ui.edit.text.java.select.next"
"Run/Debug","Skip All Breakpoints","⌃⌥B","In Windows","org.eclipse.debug.ui.commands.SkipAllBreakpoints"
"Edit","Content Assist","⌃Space","In Dialogs and Windows","org.eclipse.ui.edit.text.contentAssist.proposals"
"Edit","Quick Diff Toggle","⌃⇧Q","Editing Text","org.eclipse.quickdiff.toggle"
"Task Editor","Submit Task","⌥⇧S","In Tasks Editor","org.eclipse.mylyn.tasks.ui.command.submitTask"
"Navigate","Backward History","⌘[","In Windows","org.eclipse.ui.navigate.backwardHistory"
"Edit","Cut","⌘X","In Dialogs and Windows","org.eclipse.ui.edit.cut"
"Refactor - JavaScript","Move - Refactoring ","⌥⌘V","JavaScript View","org.eclipse.wst.jsdt.ui.edit.text.java.move.element"
"Search","Show Occurrences in File Quick Menu","⇧⌘U","JavaScript View","org.eclipse.wst.jsdt.ui.edit.text.java.search.occurrences.in.file.quickMenu"
"Run/Debug","Resume","F8","Debugging","org.eclipse.debug.ui.commands.Resume"
"Refactor - Java","Change Method Signature","⌥⌘C","In Windows","org.eclipse.jdt.ui.edit.text.java.modify.method.parameters"
"Text Editing","Duplicate Lines","⌥⌘↑","Editing Text","org.eclipse.ui.edit.text.copyLineUp"
"Refactor - JavaScript","Inline","⌥⌘I","JavaScript View","org.eclipse.wst.jsdt.ui.edit.text.java.inline"
"Navigate","Open Type in Hierarchy","⇧⌘H","JavaScript View","org.eclipse.wst.jsdt.ui.navigate.open.type.in.hierarchy"
"Window","Show System Menu","⇧⌘F10","In Windows","org.eclipse.ui.window.showSystemMenu"
"Task Repositories","Mark Task Read","⌥⇧R","In Tasks Editor","org.eclipse.mylyn.tasks.ui.command.markTaskRead"
"Window","Next View","⌘F7","In Windows","org.eclipse.ui.window.nextView"
"Refactor - JavaScript","Show Refactor Quick Menu","⌥⌘T","JavaScript View","org.eclipse.wst.jsdt.ui.edit.text.java.refactor.quickMenu"
"Text Editing","Select Next Word","⌥⇧→","Editing Text","org.eclipse.ui.edit.text.select.wordNext"
"YEdit","Toggle Comment","⇧⌘C","YEdit editor context","org.dadacoalition.yedit.commands.toggleComment"
"Run/Debug","Java Breakpoint Properties","⌥↩","In Breakpoints View","org.eclipse.jdt.debug.ui.breakpoint.properties"
"Source","Toggle Comment","⌘/","Editing JavaScript Source","org.eclipse.wst.jsdt.ui.edit.text.java.toggle.comment"
"Text Editing","Toggle Folding","⌘Numpad_Divide","Editing Text","org.eclipse.ui.edit.text.folding.toggle"
"Navigate","Open Call Hierarchy","⌃⌥H","In Windows","org.eclipse.jdt.ui.edit.text.java.open.call.hierarchy"
"Edit","Remove Block Comment","⇧⌘\","Editing in Structured Text Editors","org.eclipse.wst.sse.ui.remove.block.comment"
"Navigate","Go to Line","⌘L","Editing Text","org.eclipse.ui.edit.text.goto.line"
"Navigate","Quick Outline","⌘O","Editing Java Source","org.eclipse.jdt.ui.edit.text.java.show.outline"
"Edit","Word Completion","⌃.","Editing Text","org.eclipse.ui.edit.text.hippieCompletion"
"Edit","Open Selection","F3","Editing in Structured Text Editors","org.eclipse.wst.sse.ui.open.file.from.source"
"Run/Debug","All Instances","⇧⌘N","In Windows","org.eclipse.jdt.debug.ui.commands.AllInstances"
"Views","Show View (Console)","⌥⌘Q C","In Windows","org.eclipse.ui.views.showView"
"Task Repositories","Mark Task Incomplete","⌥⇧I","In Tasks Editor","org.eclipse.mylyn.tasks.ui.command.markTaskIncomplete"
"Run/Debug","Step Into","F5","Debugging","org.eclipse.debug.ui.commands.StepInto"
"Task Editor","Maximize Part","⇧⌘M","In Tasks Editor","org.eclipse.mylyn.tasks.ui.command.maximizePart"
"Edit","Restore Last Selection","⌃⇧⇟","Editing Java Source","org.eclipse.jdt.ui.edit.text.java.select.last"
"Search","Show Occurrences in File Quick Menu","⇧⌘U","In Windows","org.eclipse.jdt.ui.edit.text.java.search.occurrences.in.file.quickMenu"
"Text Editing","Line Start","⌃A","Editing Text","org.eclipse.ui.edit.text.goto.lineStart"
"Refactor - JavaScript","Change Function Signature","⌥⌘C","JavaScript View","org.eclipse.wst.jsdt.ui.edit.text.java.modify.method.parameters"
"Text Editing","Select Line End","⇧⌘→","Editing Text","org.eclipse.ui.edit.text.select.lineEnd"
"Text Editing","Expand All","⌘Numpad_Multiply","Editing Text","org.eclipse.ui.edit.text.folding.expand_all"
"Navigate","Open Type Hierarchy","F4","JavaScript View","org.eclipse.wst.jsdt.ui.edit.text.java.open.type.hierarchy"
"Navigate","Search Repository for Task","⇧⌘F12","In Windows","org.eclipse.mylyn.tasks.ui.command.searchForTask"
"Run/Debug","Run to Line","⌘R","Debugging","org.eclipse.debug.ui.commands.RunToLine"
"Navigate","Open Type Hierarchy","F4","In Windows","org.eclipse.jdt.ui.edit.text.java.open.type.hierarchy"
"Window","Show View Menu","⌘F10","In Dialogs and Windows","org.eclipse.ui.window.showViewMenu"
"Navigate","Next Sub-Tab","⌥⇟","In Dialogs and Windows","org.eclipse.ui.navigate.nextSubTab"
"Source","Add Javadoc Comment","⌥⌘J","In Windows","org.eclipse.jdt.ui.edit.text.java.add.javadoc.comment"
"Text Editing","Previous Word","⌥←","Editing Text","org.eclipse.ui.edit.text.goto.wordPrevious"
"Navigate","Quick Outline","⌘O","Editing JavaScript Source","org.eclipse.wst.jsdt.ui.edit.text.java.show.outline"
"Navigate","Previous Sub-Tab","⌥⇞","In Dialogs and Windows","org.eclipse.ui.navigate.previousSubTab"
"Edit","Toggle Comment","⇧⌘C","Editing in Structured Text Editors","org.eclipse.wst.sse.ui.toggle.comment"
"Window","Show Ruler Context Menu","⌘F10","Editing Text","org.eclipse.ui.edit.text.showRulerContextMenu"
"Run/Debug","Go to Address","⌘G","In Table Memory Rendering","org.eclipse.debug.ui.command.gotoaddress"
"Search","Open Search Dialog","⌃H","In Windows","org.eclipse.search.ui.openSearchDialog"
"Run/Debug","Debug Spring Boot App","⌥⇧D B","In Windows","org.springsource.ide.eclipse.boot.BootLaunchShortcut.debug"
"Navigate","Open External JSDoc","⇧F2","JavaScript View","org.eclipse.wst.jsdt.ui.edit.text.java.open.external.javadoc"
"Navigate","Go to Next Member","⌃⌥↓","Editing JavaScript Source","org.eclipse.wst.jsdt.ui.edit.text.java.goto.next.member"
"Text Editing","Toggle Overwrite","Insert","Editing Text","org.eclipse.ui.edit.text.toggleOverwrite"
"Text Editing","Collapse","⌘Numpad_Subtract","Editing Text","org.eclipse.ui.edit.text.folding.collapse"
"Vaadin Category","Compile Widgetset Command","⌘6","In Windows","com.vaadin.integration.eclipse.commands.compileWidgetsetCommand"
"Source","Quick Assist - Assign to var","⌘2 F","Editing JavaScript Source","org.eclipse.wst.jsdt.ui.correction.assignToField.assist"
"Task Repositories","Mark Task Read","⌥⇧R","In Tasks View","org.eclipse.mylyn.tasks.ui.command.markTaskRead"
"Navigate","Quick Hierarchy","⌘T","Editing JavaScript Source","org.eclipse.wst.jsdt.ui.edit.text.java.open.hierarchy"
"Task Repositories","New Local Task","Insert","In Tasks View","org.eclipse.mylyn.tasks.ui.command.new.local.task"
"Inline Search","Delete Previous Word","⌘⌫","Inline Search is Active","com.genuitec.eclipse.inlinesearch.delete.previous"
"Project","Build All","⌘B","In Windows","org.eclipse.ui.project.buildAll"
"Refactor - Java","Rename - Refactoring ","⌥⌘R","In Windows","org.eclipse.jdt.ui.edit.text.java.rename.element"
"Run/Debug","Force Return","⌥⌘F","In Windows","org.eclipse.jdt.debug.ui.commands.ForceReturn"
"Tomcat keys","Tomcat quick restart","⌥T","In Windows","pl.szpinda.plugin.tomcat.commands.tomcatQuickRestart"
"File","Close","⌘W","In Windows","org.eclipse.ui.file.close"
"Edit","Restore Last Selection","⌃⇧↓","Editing JavaScript Source","org.eclipse.wst.jsdt.ui.edit.text.java.select.last"
"Run/Debug","Run Java Application","⌥⌘X J","In Windows","org.eclipse.jdt.debug.ui.localJavaShortcut.run"
"Source","Add Import","⇧⌘M","Editing Java Source","org.eclipse.jdt.ui.edit.text.java.add.import"
"View","Zoom In","⌘=","In Windows","org.eclipse.gef.zoom_in"
"Source","Quick Assist - Rename in file","⌘2 R","Editing Java Source","org.eclipse.jdt.ui.correction.renameInFile.assist"
"Source","Quick Assist - Assign to local variable","⌘2 L","Editing JavaScript Source","org.eclipse.wst.jsdt.ui.correction.assignToLocal.assist"
"Navigate","Open Structure","⌘F3","Editing JavaScript Source","org.eclipse.wst.jsdt.ui.navigate.java.open.structure"
"Views","Refresh View (Gradle Tasks)","F5","In Gradle Tasks View","org.eclipse.buildship.ui.commands.refreshtaskview"
"Text Editing","Text End","↘","Editing Text","org.eclipse.ui.edit.text.goto.textEnd"
"Source","Show Source Quick Menu","⌥⌘S","In Windows","org.eclipse.jdt.ui.edit.text.java.source.quickMenu"
"Navigate","Forward History","⌘]","In Windows","org.eclipse.ui.navigate.forwardHistory"
"Text Editing","Text Start","⌘↖","Editing Text","org.eclipse.ui.edit.text.goto.textStart"
"Search","Declaration in Workspace","⌘G","In Windows","org.eclipse.jdt.ui.edit.text.java.search.declarations.in.workspace"
"Edit","Previous Sibling","⇧⌘↑","Editing in Structured Text Editors","org.eclipse.wst.xml.ui.previousSibling"
"Edit","Occurrences in File","⇧⌘A","Editing in Structured Text Editors","org.eclipse.wst.sse.ui.search.find.occurrences"
"Edit","Incremental Find","⌘J","Editing Text","org.eclipse.ui.edit.findIncremental"
"Window","Select Maven Profiles","⌃⌥P","In Windows","org.eclipse.m2e.profiles.ui.commands.selectMavenProfileCommand"
"Inline Search","Delete Previous Word","⌥⌫","Inline Search is Active","com.genuitec.eclipse.inlinesearch.delete.previous"
"Edit","Redo","⇧⌘Z","In Dialogs and Windows","org.eclipse.ui.edit.redo"
"Source","Toggle Ant Mark Occurrences","⌥⌘O","Editing Ant Buildfiles","org.eclipse.ant.ui.toggleMarkOccurrences"
"Inline Search","Replace All","⌥⇧↩","Inline Search is Active","com.genuitec.eclipse.inlinesearch.replaceall"
"Refactor - Java","Extract Method","⌥⌘M","In Windows","org.eclipse.jdt.ui.edit.text.java.extract.method"
"Source","Toggle Comment","⌘7","Editing Java Source","org.eclipse.jdt.ui.edit.text.java.toggle.comment"
"LiClipse Actions","Select Enclosing Scope","⌥⇧↑","LiClipse editor","org.brainwy.liclipsetext.editor.handlers.SelectEnclosingScope"
"Search","Find Text in Workspace","⌥⌘G","In Windows","org.eclipse.search.ui.performTextSearchWorkspace"
"Navigate","Open Attached Javadoc","⇧F2","In Windows","org.eclipse.jdt.ui.edit.text.java.open.external.javadoc"
"Inline Search","Delete Next Word","⌘⌦","Inline Search is Active","com.genuitec.eclipse.inlinesearch.delete.next"
"Language Servers","Go to Symbol in File","⌘O","Editing Text","org.eclipse.lsp4e.symbolinfile"
"Window","Toggle Split Editor (Horizontal)","⇧⌘-","In Windows","org.eclipse.ui.window.splitEditor"
"Text Editing","Select Text Start","⇧↖","Editing Text","org.eclipse.ui.edit.text.select.textStart"
"Source","Toggle Comment","⇧⌘C","Editing Java Source","org.eclipse.jdt.ui.edit.text.java.toggle.comment"
"Views","Show View (Outline)","⌥⌘Q O","In Windows","org.eclipse.ui.views.showView"
"Views","Show View (Type Hierarchy)","⌥⌘Q T","In Windows","org.eclipse.ui.views.showView"
"LiClipse Actions","Next Element","⇧⌘↓","LiClipse editor","org.brainwy.liclipsetext.editor.handlers.NextElement"
"Text Editing","Select Text End","⇧↘","Editing Text","org.eclipse.ui.edit.text.select.textEnd"
"Source","Open External Documentation","⇧F2","Editing Ant Buildfiles","org.eclipse.ant.ui.openExternalDoc"
"Navigate","Activate Task","⌘F9","In Windows","org.eclipse.mylyn.tasks.ui.command.activateTask"
"Edit","Select Next Element","⌃⇧→","Editing in Structured Text Editors","org.eclipse.wst.sse.ui.structure.select.next"
"LiClipse Actions","Rename","⌥⇧R","LiClipse editor","org.brainwy.liclipsetext.editor.handlers.Rename"
"Views","JavaScript Script Explorer","⌥⌘Q P","JavaScript View","org.eclipse.wst.jsdt.ui.PackageExplorer"
"Navigate","Deactivate Task","⇧⌘F9","In Windows","org.eclipse.mylyn.tasks.ui.command.deactivateAllTasks"
"Run/Debug","EOF","⌃D","In I/O Console","org.eclipse.debug.ui.commands.eof"
"Task Repositories","Quick Outline","⌘O","In Tasks Editor","org.eclipse.mylyn.task.ui.editor.QuickOutline"
"Window","Show Key Assist","⇧⌘L","In Dialogs and Windows","org.eclipse.ui.window.showKeyAssist"
"Source","Toggle Mark Occurrences","⌥⌘O","Editing Java Source","org.eclipse.jdt.ui.edit.text.java.toggleMarkOccurrences"
"Text Editing","Zoom In","⌘+","Editing Text","org.eclipse.ui.edit.text.zoomIn"
"Run/Debug","Display","⇧⌘D","In Dialogs and Windows","org.eclipse.jdt.debug.ui.commands.Display"
"File","Refresh","F5","In Windows","org.eclipse.ui.file.refresh"
"Navigate","Go to Previous Member","⌃⌥↑","Editing Java Source","org.eclipse.jdt.ui.edit.text.java.goto.previous.member"
"Text Editing","Delete to End of Line","⇧⌘⌦","Editing Text","org.eclipse.ui.edit.text.delete.line.to.end"
"Edit","Select Next Element","⌃⇧↘","Editing Java Source","org.eclipse.jdt.ui.edit.text.java.select.next"
"Views","Show View (History)","⌥⌘Q Z","In Windows","org.eclipse.ui.views.showView"
"Language Servers","Format","⇧⌘F","Editing Text","org.eclipse.lsp4e.format"
"Git","Paste Repository Path or URI","⌘V","In Git Repositories View","org.eclipse.egit.ui.RepositoriesViewPaste"
"Run/Debug","Coverage RAP JUnit Test","⌥⇧E R","In Windows","org.eclipse.eclemma.ui.junitRAPShortcut.coverage"
"Source","Remove Occurrence Annotations","⌥⌘U","Editing Java Source","org.eclipse.jdt.ui.edit.text.remove.occurrence.annotations"
"Source","Remove Block Comment","⇧⌘\","Editing Java Source","org.eclipse.jdt.ui.edit.text.java.remove.block.comment"
"Refactor - Java","Extract Local Variable","⌥⌘L","In Windows","org.eclipse.jdt.ui.edit.text.java.extract.local.variable"
"Source","Format","⇧⌘F","Editing JavaScript Source","org.eclipse.wst.jsdt.ui.edit.text.java.format"
"Window","Next Editor","⌘F6","In Windows","org.eclipse.ui.window.nextEditor"
"Source","Toggle Comment","⌘7","Editing JavaScript Source","org.eclipse.wst.jsdt.ui.edit.text.java.toggle.comment"
"Inline Search","Close Replace Bar","⌘↑","Inline Search is Active","com.genuitec.eclipse.inlinesearch.replace.toggle.close"
"Views","Show View (Cheat Sheets)","⌥⌘Q H","In Windows","org.eclipse.ui.views.showView"
"Run/Debug","Coverage SWTBot Test","⌥⇧E S","In Windows","org.eclipse.eclemma.ui.swtBotJunitShortcut.coverage"
"Run/Debug","Inspect","⇧⌘I","In Dialogs and Windows","org.eclipse.jdt.debug.ui.commands.Inspect"
"Edit","Add Maven Dependency","⌃⇧D","Editing XML Source","org.eclipse.m2e.core.ui.command.addDependency"
"Run/Debug","Next Page of Memory","⇧⌘.","In Table Memory Rendering","org.eclipse.debug.ui.command.nextpage"
"Text Editing","Delete Line","⌃K","Editing Text","org.eclipse.ui.edit.text.delete.line"
"Source","Open Declaration","F3","Editing Ant Buildfiles","org.eclipse.ant.ui.open.declaration.command"
"YEdit","Toggle Comment","⌘/","YEdit editor context","org.dadacoalition.yedit.commands.toggleComment"
"Task Repositories","Open Selected Task","⌘↩","In Tasks View","org.eclipse.mylyn.tasks.ui.command.openSelectedTask"
"Focused UI","Make Landmark","⌥⇧⌘↑","In Windows","org.eclipse.mylyn.context.ui.commands.interest.increment"
"Navigate","Open Type in Hierarchy","⇧⌘H","In Windows","org.eclipse.jdt.ui.navigate.open.type.in.hierarchy"
"LiClipse Actions","Code Format","⇧⌘F","LiClipse editor","org.brainwy.liclipsetext.editor.handlers.Formatter"
"Text Editing","Collapse All","⇧⌘Numpad_Divide","Editing Text","org.eclipse.ui.edit.text.folding.collapse_all"
"Source","Toggle Comment","⇧⌘C","Editing Properties Files","org.eclipse.jdt.ui.edit.text.java.toggle.comment"
"Git","Commit...","⌥⌘3","In Windows","org.eclipse.egit.ui.team.Commit"
"Edit","Select Previous Element","⌃⇧←","Editing in Structured Text Editors","org.eclipse.wst.sse.ui.structure.select.previous"
"Server","Debug","⌥⌘D","In Servers View","org.eclipse.wst.server.debug"
"Source","Correct Indentation","⌘I","Editing Java Source","org.eclipse.jdt.ui.edit.text.java.indent"
"Source","Quick Assist - Rename in file","⌘2 R","Editing JavaScript Source","org.eclipse.wst.jsdt.ui.correction.renameInFile.assist"
"Navigate","Open Maven POM","⌥⇧P","In Windows","org.eclipse.m2e.core.ui.command.openPom"
"Edit","Previous Sibling","⌃⇧↑","Editing in Structured Text Editors","org.eclipse.wst.xml.ui.previousSibling"
"Edit","Delete","⌦","In Windows","org.eclipse.ui.edit.delete"
"Edit","Next Sibling","⌃⇧↓","Editing in Structured Text Editors","org.eclipse.wst.xml.ui.nextSibling"
"Run/Debug","Toggle Memory Monitors Pane","⌘T","In Memory View","org.eclipse.debug.ui.commands.toggleMemoryMonitorsPane"
"Navigate","Go To Next Unread Task","⌥↓","In Tasks View","org.eclipse.mylyn.tasks.ui.command.goToNextUnread"
"File","Properties","⌘I","In Windows","org.eclipse.ui.file.properties"
"Run/Debug","Execute","⌘U","In Windows","org.eclipse.jdt.debug.ui.commands.Execute"
"File","New","⌘N","In Windows","org.eclipse.ui.newWizard"
"Task Repositories","Mark Task Read and Go To Previous Unread Task","⌥⇧↑","In Tasks View","org.eclipse.mylyn.tasks.ui.command.markTaskReadGoToPreviousUnread"
"Navigate","Open Task","⌥⌘F12","In Windows","org.eclipse.mylyn.tasks.ui.command.openTask"
"Run/Debug","Run Gradle Test","⌥⌘X G","In Windows","org.eclipse.buildship.ui.shortcut.test.run"
"Source","Toggle Mark Occurrences","⌥⌘O","Editing JavaScript Source","org.eclipse.wst.jsdt.ui.edit.text.java.toggleMarkOccurrences"
"Navigate","Open Remote Task","⌥⇧⌘F12","In Windows","org.eclipse.mylyn.tasks.ui.command.openRemoteTask"
"Edit","Paste","⌘V","In Dialogs and Windows","org.eclipse.ui.edit.paste"
"Views","Show View (Package Explorer)","⌥⌘Q P","In Windows","org.eclipse.ui.views.showView"
"Focused UI","Show Context Quick View","⌥⇧⌘→","In Windows","org.eclipse.mylyn.context.ui.commands.open.context.dialog"
"Source","Add JSDoc Comment","⌥⌘J","JavaScript View","org.eclipse.wst.jsdt.ui.edit.text.java.add.javadoc.comment"
"File","Rename","⌥⇧R","Project Explorer +","org.eclipse.ui.edit.rename"
"Window","Maximize Active View or Editor","⌃M","In Windows","org.eclipse.ui.window.maximizePart"
"File","Print","⌘P","In Windows","org.eclipse.ui.file.print"
"Inline Search","Delete Next Word","⌥⌦","Inline Search is Active","com.genuitec.eclipse.inlinesearch.delete.next"
"Navigate","Collapse All","⇧⌘Numpad_Divide","In Windows","org.eclipse.ui.navigate.collapseAll"
"Run/Debug","Terminate","⌘F2","Debugging","org.eclipse.debug.ui.commands.Terminate"
"Edit","Context Information","⌃⇧Space","In Dialogs and Windows","org.eclipse.ui.edit.text.contentAssist.contextInformation"
"Source","Quick Assist - Assign to local variable","⌘2 L","Editing Java Source","org.eclipse.jdt.ui.correction.assignToLocal.assist"
"Window","Next Perspective","⌘F8","In Windows","org.eclipse.ui.window.nextPerspective"
"Navigate","Show In Breadcrumb","⌥⌘B","Editing Java Source","org.eclipse.jdt.ui.edit.text.java.gotoBreadcrumb"
"Text Editing","Move Lines Up","⌥↑","Editing Text","org.eclipse.ui.edit.text.moveLineUp"
"Navigate","Open Declaration","F3","In Windows","org.eclipse.jdt.ui.edit.text.java.open.editor"
"Views","JavaScript Type Hierarchy","⌥⌘Q T","JavaScript View","org.eclipse.wst.jsdt.ui.TypeHierarchy"
"Run/Debug","Run","⇧⌘F11","In Windows","org.eclipse.debug.ui.commands.RunLast"
"Edit","Select Enclosing Element","⌥⇧↑","Editing in Structured Text Editors","org.eclipse.wst.sse.ui.structure.select.enclosing"
"Refactor - JavaScript","Extract Local Variable","⌥⌘L","JavaScript View","org.eclipse.wst.jsdt.ui.edit.text.java.extract.local.variable"
"Server","Run","⌥⌘R","In Servers View","org.eclipse.wst.server.run"
"Edit","Select Enclosing Element","⌃⇧↑","Editing JavaScript Source","org.eclipse.wst.jsdt.ui.edit.text.java.select.enclosing"
"Navigate","Open Resource","⇧⌘R","In Windows","org.eclipse.ui.navigate.openResource"
"Text Editing","Select Previous Word","⌥⇧←","Editing Text","org.eclipse.ui.edit.text.select.wordPrevious"
"Git","Copy Path to Clipboard","⌘C","In Git Repositories View","org.eclipse.egit.ui.RepositoriesViewCopyPath"
"Task Repositories","Mark Task Read and Go To Next Unread Task","⌥⇧↓","In Tasks View","org.eclipse.mylyn.tasks.ui.command.markTaskReadGoToNextUnread"
"Edit","Toggle Word Wrap","⌥⌘Y","Editing Text","org.eclipse.ui.edit.text.toggleWordWrap"
"Server","Publish","⌥⌘P","In Servers View","org.eclipse.wst.server.publish"
"Edit","Remove Block Comment","⌘\","Editing in Structured Text Editors","org.eclipse.wst.sse.ui.remove.block.comment"
"Navigate","Open Call Hierarchy","⌃⌥H","JavaScript View","org.eclipse.wst.jsdt.ui.edit.text.java.open.call.hierarchy"
"Source","Organize Imports","⇧⌘O","JavaScript View","org.eclipse.wst.jsdt.ui.edit.text.java.organize.imports"
"Run/Debug","Debug Java Application","⌃⌥⌘D J","In Windows","org.eclipse.jdt.debug.ui.localJavaShortcut.debug"
"Window","Quick Access","⌘3","In Windows","org.eclipse.ui.window.quickAccess"
"Refactor - Java","Inline","⌥⌘I","In Windows","org.eclipse.jdt.ui.edit.text.java.inline"
"Window","Update Project","⌥F5","In Windows","org.eclipse.m2e.core.ui.command.updateProject"
"Run/Debug","Trigger Restart","⌘R","In I/O Console","org.springframework.ide.eclipse.boot.restart.commands.restart"
"Navigate","Open from Clipboard","⇧⌘V","In Windows","org.eclipse.jdt.debug.ui.command.OpenFromClipboard"
"Edit","Restore Last Selection","⌥⇧↓","Editing in Structured Text Editors","org.eclipse.wst.sse.ui.structure.select.last"
"Window","Activate Editor","⌘F12","In Windows","org.eclipse.ui.window.activateEditor"
"Run/Debug","Debug on Server","⌥⇧D R","In Windows","org.eclipse.wst.server.launchShortcut.debug"
"Task Repositories","Mark Task Unread","⌥⇧U","In Tasks View","org.eclipse.mylyn.tasks.ui.command.markTaskUnread"
"Refactor - JavaScript","Rename - Refactoring ","⌥⌘R","JavaScript View","org.eclipse.wst.jsdt.ui.edit.text.java.rename.element"
"Source","Add Import","⇧⌘M","Editing JavaScript Source","org.eclipse.wst.jsdt.ui.edit.text.java.add.import"
"Edit","Toggle Block Selection","⌥⌘A","Editing Text","org.eclipse.ui.edit.text.toggleBlockSelectionMode"
"Refactor - Java","Show Refactor Quick Menu","⌥⌘T","In Windows","org.eclipse.jdt.ui.edit.text.java.refactor.quickMenu"
"Run/Debug","Coverage JUnit Plug-in Test","⌥⇧E P","In Windows","org.eclipse.eclemma.ui.junitPluginShortcut.coverage"
"Window","Open Config","⌥⇧⌘B F","In Windows","org.springframework.ide.eclipse.boot.dash.boot.dash.OpenLaunchConfigAction"
"Source","Surround With Quick Menu","⌥⌘Z","In Windows","org.eclipse.jdt.ui.edit.text.java.surround.with.quickMenu"
"Run/Debug","New Rendering","⌘N","In Memory View","org.eclipse.debug.ui.commands.newRendering"
"Run/Debug","Toggle Breakpoint","⇧⌘B","In Windows","org.eclipse.debug.ui.commands.ToggleBreakpoint"
"Run/Debug","Step Over","F6","Debugging","org.eclipse.debug.ui.commands.StepOver"
"Navigate","Previous Tab","⌃⇞","In Dialogs and Windows","org.eclipse.ui.navigate.previousTab"
"Run/Debug","Step Return","F7","Debugging","org.eclipse.debug.ui.commands.StepReturn"
"Views","JavaScript Declaration","⌥⌘Q D","JavaScript View","org.eclipse.wst.jsdt.ui.SourceView"
